epoch,loss,val_loss
0,5.8000076875723465,5.370098456181311
