epoch,loss,val_loss
0,4.866037161193154,4.55251136433664
