epoch,loss,val_loss
0,5.837649923493964,5.401468608720968
